<?xml version="1.0" encoding="UTF-8"?>
<cbinstall version="1.6" type="plugin" group="user">
	<name>JComments Tab</name>
	<creationDate>29/09/2009</creationDate>
	<author>smart</author>
	<copyright>Copyright 2006-2009 JoomlaTune.ru All rights reserved!</copyright>
	<authorEmail>smart@joomlatune.ru</authorEmail>
	<authorUrl>http://www.joomlatune.ru</authorUrl>
	<version>1.1</version>
	<description>Toont een tab met de laatste gebruikersreacties</description>
	<files>
		<filename plugin="jcomments.plugin">jcomments.plugin.php</filename>
		<filename>index.html</filename>
	</files>
	<params>
		<param name="object_group" type="text" default="com_content" label="Bron" description="" />
		<param name="count" type="text" size="2" default="10" label="Limiet reacties" description="Voer het maximum aantal reacties in dat u wilt tonen in de tab" />
		<param name="length" type="text" size="20" default="20" label="Maximum aantal karakters" description="Het maximum aantal te tonen karakters" />
		<param name="showsmiles" type="list" default="0" label="Toon smilies" description="Selecteer of u smilies als tekst of afbeeldingen wilt tonen">
			<option value="0">Tekst</option>
			<option value="1">Afbeeldingen</option>
			<option value="2">Smilies verwijderen</option>
		</param>
		<param name="label4more" type="text" default="Meer..." label="Label voor meer..." description="Pas de link Lees meer aan" />
	</params>

	<tabs>
		<tab name="Mijn laatste reacties" description="" class="JCommentsTab" fields="0" position="cb_tabmain" displaytype="tab">
			<fields>
			</fields>
		</tab>
	</tabs>
</cbinstall>