<?xml version="1.0" encoding="iso-8859-1"?>
<mosinstall type="component">
	<name>JComments</name>
	<creationDate>07/08/2009</creationDate>
	<author>smart</author>
	<authorEmail>smart@joomlatune.ru</authorEmail>
	<authorUrl>http://www.joomlatune.ru</authorUrl>
	<copyright>Copyright 2006-2009 JoomlaTune.ru All rights reserved!</copyright>
	<license>http://www.gnu.org/copyleft/gpl.html GNU/GPL</license>
	<version>2.1.0.0</version>
	<description>JComments lets your users comment on content items.</description>

	<files>
		<filename>index.html</filename>
		<filename>jcomments.php</filename>
		<filename>jcomments.ajax.php</filename>
		<filename>jcomments.captcha.php</filename>
		<filename>jcomments.class.php</filename>
		<filename>jcomments.config.php</filename>
		<filename>jcomments.gzip.php</filename>
		<filename>jcomments.legacy.php</filename>
		<filename>jcomments.subscription.php</filename>
		<filename>jcomments.rss.php</filename>
		<filename>js/index.html</filename>
		<filename>js/jcomments-v2.1.js</filename>
		<filename>languages/index.html</filename>
		<filename>languages/be-BY.com_jcomments.ini</filename>
		<filename>languages/bg-BG.com_jcomments.ini</filename>
		<filename>languages/ca-ES.com_jcomments.ini</filename>
		<filename>languages/cs-CZ.com_jcomments.ini</filename>
		<filename>languages/da-DK.com_jcomments.ini</filename>
		<filename>languages/de-DE.com_jcomments.ini</filename>
		<filename>languages/en-GB.com_jcomments.ini</filename>
		<filename>languages/es-ES.com_jcomments.ini</filename>
		<filename>languages/fr-FR.com_jcomments.ini</filename>
		<filename>languages/hu-HU.com_jcomments.ini</filename>
		<filename>languages/it-IT.com_jcomments.ini</filename>
		<filename>languages/lv-LV.com_jcomments.ini</filename>
		<filename>languages/nb-NO.com_jcomments.ini</filename>
		<filename>languages/nl-NL.com_jcomments.ini</filename>
		<filename>languages/pl-PL.com_jcomments.ini</filename>
		<filename>languages/pt-PT.com_jcomments.ini</filename>
		<filename>languages/ro-RO.com_jcomments.ini</filename>
		<filename>languages/ru-RU.com_jcomments.ini</filename>
		<filename>languages/sk-SK.com_jcomments.ini</filename>
		<filename>languages/sl-SI.com_jcomments.ini</filename>
		<filename>languages/sv-SE.com_jcomments.ini</filename>
		<filename>languages/th-TH.com_jcomments.ini</filename>
		<filename>languages/tr-TR.com_jcomments.ini</filename>
		<filename>languages/uk-UA.com_jcomments.ini</filename>
		<filename>helpers/index.html</filename>
		<filename>helpers/contentplugin.php</filename>
		<filename>helpers/html.php</filename>
		<filename>helpers/object.php</filename>
		<filename>helpers/plugin.php</filename>
		<filename>helpers/system.php</filename>
		<filename>libraries/index.html</filename>
		<filename>libraries/convert/index.html</filename>
		<filename>libraries/convert/utf8.class.php</filename>
		<filename>libraries/convert/ConvertTables/index.html</filename>
		<filename>libraries/convert/ConvertTables/iso-8859-1</filename>
		<filename>libraries/convert/ConvertTables/iso-8859-2</filename>
		<filename>libraries/convert/ConvertTables/iso-8859-3</filename>
		<filename>libraries/convert/ConvertTables/iso-8859-4</filename>
		<filename>libraries/convert/ConvertTables/iso-8859-5</filename>
		<filename>libraries/convert/ConvertTables/iso-8859-6</filename>
		<filename>libraries/convert/ConvertTables/iso-8859-7</filename>
		<filename>libraries/convert/ConvertTables/iso-8859-8</filename>
		<filename>libraries/convert/ConvertTables/iso-8859-9</filename>
		<filename>libraries/convert/ConvertTables/iso-8859-15</filename>
		<filename>libraries/convert/ConvertTables/windows-1250</filename>
		<filename>libraries/convert/ConvertTables/windows-1251</filename>
		<filename>libraries/convert/ConvertTables/windows-1252</filename>
		<filename>libraries/convert/ConvertTables/windows-1253</filename>
		<filename>libraries/convert/ConvertTables/windows-1254</filename>
		<filename>libraries/convert/ConvertTables/windows-1255</filename>
		<filename>libraries/convert/ConvertTables/windows-874</filename>
		<filename>libraries/kcaptcha/index.html</filename>
		<filename>libraries/kcaptcha/kcaptcha.php</filename>
		<filename>libraries/kcaptcha/kcaptcha_config.php</filename>
		<filename>libraries/kcaptcha/fonts/index.html</filename>
		<filename>libraries/kcaptcha/fonts/antiqua.png</filename>
		<filename>libraries/kcaptcha/fonts/baskerville.png</filename>
		<filename>libraries/kcaptcha/fonts/batang.png</filename>
		<filename>libraries/kcaptcha/fonts/bookman.png</filename>
		<filename>libraries/kcaptcha/fonts/constantia.png</filename>
		<filename>libraries/kcaptcha/fonts/lucida.png</filename>
		<filename>libraries/kcaptcha/fonts/rockwell.png</filename>
		<filename>libraries/joomlatune/index.html</filename>
		<filename>libraries/joomlatune/ajax.js</filename>
		<filename>libraries/joomlatune/ajax.php</filename>
		<filename>libraries/joomlatune/filesystem.php</filename>
		<filename>libraries/joomlatune/language.php</filename>
		<filename>libraries/joomlatune/language.tools.php</filename>
		<filename>libraries/joomlatune/optimizer.php</filename>
		<filename>libraries/joomlatune/template.php</filename>
		<filename>libraries/joomlatune/tree.php</filename>
		<filename>libraries/joomlatune/joomla/jtext.php</filename>
		<filename>libraries/joomlatune/joomla/jroute.php</filename>
		<filename>libraries/joomlatune/joomla/jversion.php</filename>
		<filename>plugins/index.html</filename>
		<filename>plugins/plugins.zip</filename>
		<filename>images/index.html</filename>
		<filename>images/smiles/index.html</filename>
		<filename>tpl/index.html</filename>
		<filename>tpl/default/index.html</filename>
		<filename>tpl/default/images/index.html</filename>
		<filename>tpl/default/style.css</filename>
		<filename>tpl/default/tpl_comment.php</filename>
		<filename>tpl/default/tpl_email.php</filename>
		<filename>tpl/default/tpl_email_administrator.php</filename>
		<filename>tpl/default/tpl_form.php</filename>
		<filename>tpl/default/tpl_index.php</filename>
		<filename>tpl/default/tpl_links.php</filename>
		<filename>tpl/default/tpl_list.php</filename>
		<filename>tpl/default/tpl_tree.php</filename>
	</files>
	<images>
		<filename>images/email.png</filename>
		<filename>images/no_avatar.png</filename>
		<filename>images/smiles/rolleyes.gif</filename>
		<filename>images/smiles/confused.gif</filename>
		<filename>images/smiles/cool.gif</filename>
		<filename>images/smiles/cry.gif</filename>
		<filename>images/smiles/laugh.gif</filename>
		<filename>images/smiles/lol.gif</filename>
		<filename>images/smiles/normal.gif</filename>
		<filename>images/smiles/redface.gif</filename>
		<filename>images/smiles/sad.gif</filename>
		<filename>images/smiles/shocked.gif</filename>
		<filename>images/smiles/sick.gif</filename>
		<filename>images/smiles/sleeping.gif</filename>
		<filename>images/smiles/smile.gif</filename>
		<filename>images/smiles/surprised.gif</filename>
		<filename>images/smiles/tongue.gif</filename>
		<filename>images/smiles/unsure.gif</filename>
		<filename>images/smiles/whistling.gif</filename>
		<filename>images/smiles/wink.gif</filename>
		<filename>tpl/default/images/jc_bbcode.gif</filename>
		<filename>tpl/default/images/jc_blog.gif</filename>
		<filename>tpl/default/images/jc_busy.gif</filename>
		<filename>tpl/default/images/jc_delete.gif</filename>
		<filename>tpl/default/images/jc_edit.gif</filename>
		<filename>tpl/default/images/jc_error.gif</filename>
		<filename>tpl/default/images/jc_info.gif</filename>
		<filename>tpl/default/images/jc_publish.gif</filename>
		<filename>tpl/default/images/jc_unpublish.gif</filename>
		<filename>tpl/default/images/jc_dot.gif</filename>
		<filename>tpl/default/images/jc_email.gif</filename>
		<filename>tpl/default/images/jc_ip.gif</filename>
		<filename>tpl/default/images/jc_link.gif</filename>
		<filename>tpl/default/images/jc_rss.gif</filename>
		<filename>tpl/default/images/jc_date.gif</filename>
		<filename>tpl/default/images/jc_refresh.gif</filename>
		<filename>tpl/default/images/jc_refreshg.gif</filename>
		<filename>tpl/default/images/jc_vote.gif</filename>
		<filename>tpl/default/images/jc_btnl.gif</filename>
		<filename>tpl/default/images/jc_btnr.gif</filename>
		<filename>tpl/default/images/jc_subscribe.gif</filename>
		<filename>tpl/default/images/jc_rb_bl.gif</filename>
		<filename>tpl/default/images/jc_rb_br.gif</filename>
		<filename>tpl/default/images/jc_rb_tl.gif</filename>
		<filename>tpl/default/images/jc_rb_tr.gif</filename>
		<filename>tpl/default/images/resize.gif</filename>
	</images>
	<install>
		<queries>
		</queries>
	</install>
	<uninstall>
		<queries>
		</queries>
	</uninstall>
	<installfile>install.jcomments.php</installfile>
	<uninstallfile>uninstall.jcomments.php</uninstallfile>
	<administration>
		<menu>JComments</menu>
		<submenu>
			<menu task="view">Manage comments</menu>
			<menu task="settings">Settings</menu>
			<menu task="smiles">Smiles</menu>
			<menu task="subscriptions">Subscriptions</menu>
			<menu task="custombbcodes">Custom BBCode</menu>
			<menu task="import">Import</menu>
			<menu task="about">About</menu>
		</submenu>
		<files>
			<filename>admin.jcomments.html.php</filename>
			<filename>admin.jcomments.php</filename>
			<filename>admin.jcomments.installer.php</filename>
			<filename>admin.jcomments.migration.php</filename>
			<filename>admin.jcomments.subcription.php</filename>
			<filename>admin.jcomments.custombbcodes.php</filename>
			<filename>install.jcomments.php</filename>
			<filename>uninstall.jcomments.php</filename>
			<filename>toolbar.jcomments.html.php</filename>
			<filename>toolbar.jcomments.php</filename>
			<filename>jcomments10.xml</filename>
			<filename>install/index.html</filename>
			<filename>install/sql/settings.sql</filename>
			<filename>install/sql/custom_bbcodes.sql</filename>
			<filename>install/sql/install.mysql.nonutf8.sql</filename>
			<filename>install/helpers/index.html</filename>
			<filename>install/helpers/installerhelper.php</filename>
			<filename>install/helpers/database.php</filename>
			<filename>install/helpers/language.php</filename>
			<filename>install/plugins/content/jcomments.php</filename>
			<filename>install/plugins/content/jcomments.x10</filename>
			<filename>install/plugins/content/jcomments.x15</filename>
			<filename>install/plugins/system/jcomments.php</filename>
			<filename>install/plugins/system/jcomments.x10</filename>
			<filename>install/plugins/system/jcomments.x15</filename>
			<filename>install/plugins/search/jcomments.php</filename>
			<filename>install/plugins/search/jcomments.x10</filename>
			<filename>install/plugins/search/jcomments.x15</filename>
			<filename>install/plugins/editors-xtd/jcommentson.php</filename>
			<filename>install/plugins/editors-xtd/jcommentson.x10</filename>
			<filename>install/plugins/editors-xtd/jcommentson.x15</filename>
			<filename>install/plugins/editors-xtd/jcommentson.gif</filename>
			<filename>install/plugins/editors-xtd/jcommentsoff.php</filename>
			<filename>install/plugins/editors-xtd/jcommentsoff.x10</filename>
			<filename>install/plugins/editors-xtd/jcommentsoff.x15</filename>
			<filename>install/plugins/editors-xtd/jcommentsoff.gif</filename>
			<filename>install/plugins/user/jcomments.php</filename>
			<filename>install/plugins/user/jcomments.x15</filename>
		</files>
		<images>
			<filename>images/style.css</filename>
			<filename>images/icon.css</filename>
			<filename>images/tabpane.css</filename>
			<filename>images/tab.gif</filename>
			<filename>images/delete.gif</filename>
			<filename>images/down.gif</filename>
			<filename>images/up.gif</filename>
			<filename>images/mail.gif</filename>
			<filename>images/subscribed.gif</filename>
			<filename>images/edit16x16.png</filename>
			<filename>images/smiles16x16.png</filename>
			<filename>images/smiles48x48.png</filename>
			<filename>images/jcomments16x16.png</filename>
			<filename>images/jcomments48x48.png</filename>
			<filename>images/import16x16.png</filename>
			<filename>images/import32x32.png</filename>
			<filename>images/import48x48.png</filename>
			<filename>images/settings16x16.png</filename>
			<filename>images/settings48x48.png</filename>
			<filename>images/subscriptions16x16.png</filename>
			<filename>images/subscriptions48x48.png</filename>
			<filename>images/custombbcode16x16.png</filename>
			<filename>images/custombbcode48x48.png</filename>
			<filename>images/j_border.png</filename>
			<filename>images/j_button1_left.png</filename>
			<filename>images/j_button1_next.png</filename>
			<filename>images/j_crn_bl_light.png</filename>
			<filename>images/j_crn_br_light.png</filename>
			<filename>images/j_crn_tl_light.png</filename>
			<filename>images/j_crn_tr_light.png</filename>
		</images>
	</administration>
	<params>
		<param name="object_group" type="text" size="25" default="com_jcomments" label="Component" description="" />
		<param name="object_id" type="text" size="25" default="1" label="Object Id" description="" />
		<param name="page_title" type="text" size="30" default="" label="Page Title" description="Text to display at the top of the page" />
	</params>
</mosinstall>